{
  "project_info": {
    "project_number": "876208359964",
    "project_id": "language-translator-app-d788a",
    "storage_bucket": "language-translator-app-d788a.appspot.com"
  },
  "client": [
    {
      "client_info": {
        "mobilesdk_app_id": "1:876208359964:android:b18d0d0166360bdc2c2dd9",
        "android_client_info": {
          "package_name": "com.example.languagetranslatorapp"
        }
      },
      "oauth_client": [
        {
          "client_id": "876208359964-1f1an8aktu06bnc442mkhbkaqni0hfe7.apps.googleusercontent.com",
          "client_type": 3
        }
      ],
      "api_key": [
        {
          "current_key": "AIzaSyDcOVtf0VoRSe73UykC4YllpRK_L-UuhmU"
        }
      ],
      "services": {
        "appinvite_service": {
          "other_platform_oauth_client": [
            {
              "client_id": "876208359964-1f1an8aktu06bnc442mkhbkaqni0hfe7.apps.googleusercontent.com",
              "client_type": 3
            }
          ]
        }
      }
    }
  ],
  "configuration_version": "1"
}